Alphabetical Name,English Name,Scientific Name,Status
"Accentor, Alpine",Alpine Accentor,Prunella collaris,Rare/Accidental
"Accentor, Siberian",Siberian Accentor,Prunella montanella,Rare/Accidental
"Auk, Great",Great Auk,Pinguinus impennis,Rare/Accidental Extinct
"Avocet, Pied",Pied Avocet,Recurvirostra avosetta,
"Bean-Goose, Taiga",Taiga Bean-Goose,Anser fabalis,
"Bean-Goose, Tundra",Tundra Bean-Goose,Anser serrirostris,
"Bee-eater, Blue-cheeked",Blue-cheeked Bee-eater,Merops persicus,Rare/Accidental
"Bee-eater, European",European Bee-eater,Merops apiaster,Rare/Accidental
"Bittern, Eurasian",Eurasian Bittern,Botaurus stellaris,
"Bittern, Little",Little Bittern,Botaurus minutus,
"Blackbird, Eurasian",Eurasian Blackbird,Turdus merula,
"Blackbird, Yellow-headed",Yellow-headed Blackbird,Xanthocephalus xanthocephalus,Rare/Accidental
"Blackcap, Eurasian",Eurasian Blackcap,Sylvia atricapilla,
"Bluetail, Red-flanked",Red-flanked Bluetail,Tarsiger cyanurus,Rare/Accidental
Bluethroat,Bluethroat,Luscinia svecica,
Bobolink,Bobolink,Dolichonyx oryzivorus,Rare/Accidental
"Booby, Brown",Brown Booby,Sula leucogaster,Rare/Accidental
Brambling,Brambling,Fringilla montifringilla,
Brant,Brant,Branta bernicla,
Bufflehead,Bufflehead,Bucephala albeola,Rare/Accidental
"Bullfinch, Eurasian",Eurasian Bullfinch,Pyrrhula pyrrhula,
"Bunting, Black-faced",Black-faced Bunting,Emberiza spodocephala,Rare/Accidental
"Bunting, Black-headed",Black-headed Bunting,Emberiza melanocephala,Rare/Accidental
"Bunting, Chestnut",Chestnut Bunting,Emberiza rutila,Rare/Accidental
"Bunting, Cirl",Cirl Bunting,Emberiza cirlus,Rare/Accidental
"Bunting, Corn",Corn Bunting,Emberiza calandra,
"Bunting, Cretzschmar's",Cretzschmar's Bunting,Emberiza caesia,Rare/Accidental
"Bunting, Gray-necked",Gray-necked Bunting,Emberiza buchanani,Rare/Accidental
"Bunting, Indigo",Indigo Bunting,Passerina cyanea,Rare/Accidental
"Bunting, Little",Little Bunting,Emberiza pusilla,Rare/Accidental
"Bunting, Meadow",Meadow Bunting,Emberiza cioides,Uncertain origin
"Bunting, Ortolan",Ortolan Bunting,Emberiza hortulana,
"Bunting, Pine",Pine Bunting,Emberiza leucocephalos,Rare/Accidental
"Bunting, Red-headed",Red-headed Bunting,Emberiza bruniceps,Uncertain origin
"Bunting, Reed",Reed Bunting,Emberiza schoeniclus,
"Bunting, Rock",Rock Bunting,Emberiza cia,Rare/Accidental
"Bunting, Rustic",Rustic Bunting,Emberiza rustica,Rare/Accidental Vulnerable
"Bunting, Snow",Snow Bunting,Plectrophenax nivalis,
"Bunting, Yellow-breasted",Yellow-breasted Bunting,Emberiza aureola,Rare/Accidental Critically endangered
"Bunting, Yellow-browed",Yellow-browed Bunting,Emberiza chrysophrys,Rare/Accidental
"Bustard, Great",Great Bustard,Otis tarda,Rare/Accidental Endangered
"Bustard, Little",Little Bustard,Tetrax tetrax,Rare/Accidental Near-threatened
"Buzzard, Common",Common Buzzard,Buteo buteo,
"Buzzard, Long-legged",Long-legged Buzzard,Buteo rufinus,Rare/Accidental
Canvasback,Canvasback,Aythya valisineria,Rare/Accidental
"Cattle-Egret, Western",Western Cattle-Egret,Ardea ibis,
"Chaffinch, African",African Chaffinch,Fringilla spodiogenys,Rare/Accidental
"Chaffinch, Common",Common Chaffinch,Fringilla coelebs,
"Chiffchaff, Common",Common Chiffchaff,Phylloscopus collybita,
"Chiffchaff, Iberian",Iberian Chiffchaff,Phylloscopus ibericus,Rare/Accidental
"Chough, Yellow-billed",Yellow-billed Chough,Pyrrhocorax graculus,Rare/Accidental
"Cisticola, Zitting",Zitting Cisticola,Cisticola juncidis,
"Collared-Dove, Eurasian",Eurasian Collared-Dove,Streptopelia decaocto,
"Coot, Eurasian",Eurasian Coot,Fulica atra,
"Cormorant, Great",Great Cormorant,Phalacrocorax carbo,
"Cormorant, Pygmy",Pygmy Cormorant,Microcarbo pygmaeus,Rare/Accidental
"Courser, Cream-colored",Cream-colored Courser,Cursorius cursor,Rare/Accidental
"Crag-Martin, Eurasian",Eurasian Crag-Martin,Ptyonoprogne rupestris,Rare/Accidental
"Crake, Baillon's",Baillon's Crake,Zapornia pusilla,
"Crake, Corn",Corn Crake,Crex crex,
"Crake, Little",Little Crake,Zapornia parva,
"Crake, Spotted",Spotted Crake,Porzana porzana,Rare/Accidental
"Crane, Common",Common Crane,Grus grus,
"Crane, Demoiselle",Demoiselle Crane,Anthropoides virgo,Uncertain origin
"Crane, Sandhill",Sandhill Crane,Antigone canadensis,Rare/Accidental
"Crossbill, Parrot",Parrot Crossbill,Loxia pytyopsittacus,
"Crossbill, Red",Red Crossbill,Loxia curvirostra,
"Crossbill, White-winged",White-winged Crossbill,Loxia leucoptera,Rare/Accidental
"Crow, Carrion",Carrion Crow,Corvus corone,
"Crow, Hooded",Hooded Crow,Corvus cornix,
"Crow, House",House Crow,Corvus splendens,Introduced species
"Crow, Pied",Pied Crow,Corvus albus,Uncertain origin
"Cuckoo, Common",Common Cuckoo,Cuculus canorus,
"Cuckoo, Great Spotted",Great Spotted Cuckoo,Clamator glandarius,Rare/Accidental
"Cuckoo, Yellow-billed",Yellow-billed Cuckoo,Coccyzus americanus,Rare/Accidental
"Curlew, Eurasian",Eurasian Curlew,Numenius arquata,Near-threatened
"Curlew, Little",Little Curlew,Numenius minutus,Rare/Accidental
"Curlew, Slender-billed",Slender-billed Curlew,Numenius tenuirostris,Rare/Accidental Critically endangered
"Dipper, White-throated",White-throated Dipper,Cinclus cinclus,
"Dotterel, Eurasian",Eurasian Dotterel,Eudromias morinellus,
"Dove, Mourning",Mourning Dove,Zenaida macroura,Uncertain origin
"Dove, Stock",Stock Dove,Columba oenas,
Dovekie,Dovekie,Alle alle,
"Dowitcher, Long-billed",Long-billed Dowitcher,Limnodromus scolopaceus,Rare/Accidental Near-threatened
"Duck, Falcated",Falcated Duck,Mareca falcata,Rare/Accidental
"Duck, Ferruginous",Ferruginous Duck,Aythya nyroca,Near-threatened
"Duck, Harlequin",Harlequin Duck,Histrionicus histrionicus,Rare/Accidental
"Duck, Long-tailed",Long-tailed Duck,Clangula hyemalis,Vulnerable
"Duck, Mandarin",Mandarin Duck,Aix galericulata,Introduced species
"Duck, Marbled",Marbled Duck,Marmaronetta angustirostris,Rare/Accidental Near-threatened
"Duck, Ring-necked",Ring-necked Duck,Aythya collaris,Rare/Accidental
"Duck, Ruddy",Ruddy Duck,Oxyura jamaicensis,Introduced species
"Duck, Tufted",Tufted Duck,Aythya fuligula,
"Duck, White-headed",White-headed Duck,Oxyura leucocephala,Rare/Accidental Endangered
"Duck, Wood",Wood Duck,Aix sponsa,Uncertain origin
Dunlin,Dunlin,Calidris alpina,Near-threatened
Dunnock,Dunnock,Prunella modularis,
"Eagle, Bonelli's",Bonelli's Eagle,Aquila fasciata,Rare/Accidental
"Eagle, Booted",Booted Eagle,Hieraaetus pennatus,Rare/Accidental
"Eagle, Golden",Golden Eagle,Aquila chrysaetos,Rare/Accidental
"Eagle, Greater Spotted",Greater Spotted Eagle,Clanga clanga,Rare/Accidental Vulnerable
"Eagle, Imperial",Imperial Eagle,Aquila heliaca,Rare/Accidental Vulnerable
"Eagle, Lesser Spotted",Lesser Spotted Eagle,Clanga pomarina,Rare/Accidental
"Eagle, Spanish",Spanish Eagle,Aquila adalberti,Rare/Accidental Vulnerable
"Eagle, Steppe",Steppe Eagle,Aquila nipalensis,Rare/Accidental Endangered
"Eagle, White-tailed",White-tailed Eagle,Haliaeetus albicilla,
"Eagle-Owl, Eurasian",Eurasian Eagle-Owl,Bubo bubo,
"Egret, Great",Great Egret,Ardea alba,
"Egret, Little",Little Egret,Egretta garzetta,
"Egret, Snowy",Snowy Egret,Egretta thula,Uncertain origin
"Eider, Common",Common Eider,Somateria mollissima,Near-threatened
"Eider, King",King Eider,Somateria spectabilis,Rare/Accidental
"Eider, Spectacled",Spectacled Eider,Somateria fischeri,Rare/Accidental Near-threatened
"Eider, Steller's",Steller's Eider,Polysticta stelleri,Rare/Accidental Vulnerable
"Falcon, Eleonora's",Eleonora's Falcon,Falco eleonorae,Rare/Accidental
"Falcon, Peregrine",Peregrine Falcon,Falco peregrinus,
"Falcon, Red-footed",Red-footed Falcon,Falco vespertinus,Vulnerable
"Falcon, Saker",Saker Falcon,Falco cherrug,Uncertain origin Endangered
Fieldfare,Fieldfare,Turdus pilaris,
"Finch, Citril",Citril Finch,Carduelis citrinella,Rare/Accidental
"Finch, House",House Finch,Haemorhous mexicanus,Uncertain origin
"Finch, Trumpeter",Trumpeter Finch,Bucanetes githagineus,Rare/Accidental
"Firecrest, Common",Common Firecrest,Regulus ignicapilla,
"Fish-Eagle, Pallas's",Pallas's Fish-Eagle,Haliaeetus leucoryphus,Uncertain origin Endangered
"Flamingo, American",American Flamingo,Phoenicopterus ruber,Rare/Accidental
"Flamingo, Chilean",Chilean Flamingo,Phoenicopterus chilensis,Introduced species Near-threatened
"Flamingo, Greater",Greater Flamingo,Phoenicopterus roseus,Rare/Accidental
"Flycatcher, Collared",Collared Flycatcher,Ficedula albicollis,Rare/Accidental
"Flycatcher, Dark-sided",Dark-sided Flycatcher,Muscicapa sibirica,Rare/Accidental
"Flycatcher, European Pied",European Pied Flycatcher,Ficedula hypoleuca,
"Flycatcher, Red-breasted",Red-breasted Flycatcher,Ficedula parva,
"Flycatcher, Semicollared",Semicollared Flycatcher,Ficedula semitorquata,Rare/Accidental
"Flycatcher, Spotted",Spotted Flycatcher,Muscicapa striata,
"Fulmar, Northern",Northern Fulmar,Fulmarus glacialis,
Gadwall,Gadwall,Mareca strepera,
"Gallinule, Allen's",Allen's Gallinule,Porphyrio alleni,Rare/Accidental
"Gannet, Northern",Northern Gannet,Morus bassanus,
Garganey,Garganey,Spatula querquedula,
"Godwit, Bar-tailed",Bar-tailed Godwit,Limosa lapponica,Near-threatened
"Godwit, Black-tailed",Black-tailed Godwit,Limosa limosa,Near-threatened
Goldcrest,Goldcrest,Regulus regulus,
"Golden-Plover, American",American Golden-Plover,Pluvialis dominica,Rare/Accidental
"Golden-Plover, European",European Golden-Plover,Pluvialis apricaria,
"Golden-Plover, Pacific",Pacific Golden-Plover,Pluvialis fulva,Rare/Accidental
"Goldeneye, Barrow's",Barrow's Goldeneye,Bucephala islandica,Uncertain origin
"Goldeneye, Common",Common Goldeneye,Bucephala clangula,
"Goldfinch, European",European Goldfinch,Carduelis carduelis,
"Goose, Bar-headed",Bar-headed Goose,Anser indicus,Introduced species
"Goose, Barnacle",Barnacle Goose,Branta leucopsis,
"Goose, Cackling",Cackling Goose,Branta hutchinsii,Introduced species
"Goose, Canada",Canada Goose,Branta canadensis,Introduced species
"Goose, Egyptian",Egyptian Goose,Alopochen aegyptiaca,Introduced species
"Goose, Graylag",Graylag Goose,Anser anser,
"Goose, Greater White-fronted",Greater White-fronted Goose,Anser albifrons,
"Goose, Lesser White-fronted",Lesser White-fronted Goose,Anser erythropus,Vulnerable
"Goose, Pink-footed",Pink-footed Goose,Anser brachyrhynchus,
"Goose, Red-breasted",Red-breasted Goose,Branta ruficollis,Vulnerable
"Goose, Ross's",Ross's Goose,Anser rossii,Rare/Accidental
"Goose, Snow",Snow Goose,Anser caerulescens,
"Goshawk, Eurasian",Eurasian Goshawk,Astur gentilis,
"Grackle, Common",Common Grackle,Quiscalus quiscula,Rare/Accidental Near-threatened
"Grebe, Eared",Eared Grebe,Podiceps nigricollis,
"Grebe, Great Crested",Great Crested Grebe,Podiceps cristatus,
"Grebe, Horned",Horned Grebe,Podiceps auritus,Vulnerable
"Grebe, Little",Little Grebe,Tachybaptus ruficollis,
"Grebe, Pied-billed",Pied-billed Grebe,Podilymbus podiceps,Rare/Accidental
"Grebe, Red-necked",Red-necked Grebe,Podiceps grisegena,
"Greenfinch, European",European Greenfinch,Chloris chloris,
"Greenshank, Common",Common Greenshank,Tringa nebularia,
"Griffon, Eurasian",Eurasian Griffon,Gyps fulvus,Rare/Accidental
"Griffon, Rüppell's",Rüppell's Griffon,Gyps rueppelli,Uncertain origin Critically endangered
"Grosbeak, Pine",Pine Grosbeak,Pinicola enucleator,Rare/Accidental
"Grouse, Black",Black Grouse,Lyrurus tetrix,
"Guillemot, Black",Black Guillemot,Cepphus grylle,Rare/Accidental
"Gull, American Herring",American Herring Gull,Larus smithsonianus,Rare/Accidental
"Gull, Audouin's",Audouin's Gull,Ichthyaetus audouinii,Rare/Accidental Vulnerable
"Gull, Black-headed",Black-headed Gull,Chroicocephalus ridibundus,
"Gull, Bonaparte's",Bonaparte's Gull,Chroicocephalus philadelphia,Rare/Accidental
"Gull, Caspian",Caspian Gull,Larus cachinnans,
"Gull, Common",Common Gull,Larus canus,
"Gull, European Herring",European Herring Gull,Larus argentatus,
"Gull, Franklin's",Franklin's Gull,Leucophaeus pipixcan,Rare/Accidental
"Gull, Glaucous",Glaucous Gull,Larus hyperboreus,
"Gull, Great Black-backed",Great Black-backed Gull,Larus marinus,
"Gull, Iceland",Iceland Gull,Larus glaucoides,
"Gull, Ivory",Ivory Gull,Pagophila eburnea,Rare/Accidental Near-threatened
"Gull, Laughing",Laughing Gull,Leucophaeus atricilla,Rare/Accidental
"Gull, Lesser Black-backed",Lesser Black-backed Gull,Larus fuscus,
"Gull, Little",Little Gull,Hydrocoloeus minutus,
"Gull, Mediterranean",Mediterranean Gull,Ichthyaetus melanocephalus,
"Gull, Pallas's",Pallas's Gull,Ichthyaetus ichthyaetus,Rare/Accidental
"Gull, Ring-billed",Ring-billed Gull,Larus delawarensis,Rare/Accidental
"Gull, Ross's",Ross's Gull,Rhodostethia rosea,Rare/Accidental
"Gull, Sabine's",Sabine's Gull,Xema sabini,
"Gull, Slender-billed",Slender-billed Gull,Chroicocephalus genei,Rare/Accidental
"Gull, Yellow-legged",Yellow-legged Gull,Larus michahellis,
Gyrfalcon,Gyrfalcon,Falco rusticolus,Rare/Accidental
"Harrier, Hen",Hen Harrier,Circus cyaneus,
"Harrier, Montagu's",Montagu's Harrier,Circus pygargus,
"Harrier, Northern",Northern Harrier,Circus hudsonius,Rare/Accidental
"Harrier, Pallid",Pallid Harrier,Circus macrourus,Rare/Accidental Near-threatened
"Harrier, Western Marsh",Western Marsh Harrier,Circus aeruginosus,
Hawfinch,Hawfinch,Coccothraustes coccothraustes,
"Hawk, Rough-legged",Rough-legged Hawk,Buteo lagopus,
"Heron, Black-crowned Night",Black-crowned Night Heron,Nycticorax nycticorax,
"Heron, Gray",Gray Heron,Ardea cinerea,
"Heron, Green",Green Heron,Butorides virescens,Rare/Accidental
"Heron, Purple",Purple Heron,Ardea purpurea,
"Heron, Squacco",Squacco Heron,Ardeola ralloides,Rare/Accidental
"Heron, Striated",Striated Heron,Butorides striata,Rare/Accidental
"Heron, Yellow-crowned Night",Yellow-crowned Night Heron,Nyctanassa violacea,Rare/Accidental
"Hobby, Eurasian",Eurasian Hobby,Falco subbuteo,
"Honey-buzzard, European",European Honey-buzzard,Pernis apivorus,
"Hoopoe, Eurasian",Eurasian Hoopoe,Upupa epops,
"Houbara, Asian",Asian Houbara,Chlamydotis macqueenii,Rare/Accidental Vulnerable
"House-Martin, Western",Western House-Martin,Delichon urbicum,
"Ibis, African Sacred",African Sacred Ibis,Threskiornis aethiopicus,Introduced species
"Ibis, Glossy",Glossy Ibis,Plegadis falcinellus,Rare/Accidental
"Ibis, Northern Bald",Northern Bald Ibis,Geronticus eremita,Introduced species Endangered
"Jackdaw, Daurian",Daurian Jackdaw,Coloeus dauuricus,Rare/Accidental
"Jackdaw, Eurasian",Eurasian Jackdaw,Coloeus monedula,
"Jaeger, Long-tailed",Long-tailed Jaeger,Stercorarius longicaudus,Rare/Accidental
"Jaeger, Parasitic",Parasitic Jaeger,Stercorarius parasiticus,
"Jaeger, Pomarine",Pomarine Jaeger,Stercorarius pomarinus,
"Jay, Eurasian",Eurasian Jay,Garrulus glandarius,
"Junco, Dark-eyed",Dark-eyed Junco,Junco hyemalis,Rare/Accidental
"Kestrel, American",American Kestrel,Falco sparverius,Rare/Accidental
"Kestrel, Eurasian",Eurasian Kestrel,Falco tinnunculus,
"Kestrel, Lesser",Lesser Kestrel,Falco naumanni,Rare/Accidental
Killdeer,Killdeer,Charadrius vociferus,Rare/Accidental Near-threatened
"Kingfisher, Belted",Belted Kingfisher,Megaceryle alcyon,Rare/Accidental
"Kingfisher, Common",Common Kingfisher,Alcedo atthis,
"Kite, Black",Black Kite,Milvus migrans,
"Kite, Black-winged",Black-winged Kite,Elanus caeruleus,Rare/Accidental
"Kite, Red",Red Kite,Milvus milvus,
"Kittiwake, Black-legged",Black-legged Kittiwake,Rissa tridactyla,Vulnerable
"Knot, Great",Great Knot,Calidris tenuirostris,Rare/Accidental Endangered
"Knot, Red",Red Knot,Calidris canutus,Near-threatened
"Lapwing, Gray-headed",Gray-headed Lapwing,Vanellus cinereus,Rare/Accidental
"Lapwing, Northern",Northern Lapwing,Vanellus vanellus,Near-threatened
"Lapwing, Red-wattled",Red-wattled Lapwing,Vanellus indicus,Uncertain origin
"Lapwing, Sociable",Sociable Lapwing,Vanellus gregarius,Rare/Accidental Critically endangered
"Lapwing, Spur-winged",Spur-winged Lapwing,Vanellus spinosus,Uncertain origin
"Lapwing, White-tailed",White-tailed Lapwing,Vanellus leucurus,Rare/Accidental
"Lark, Bimaculated",Bimaculated Lark,Melanocorypha bimaculata,Rare/Accidental
"Lark, Calandra",Calandra Lark,Melanocorypha calandra,Rare/Accidental
"Lark, Crested",Crested Lark,Galerida cristata,
"Lark, Greater Short-toed",Greater Short-toed Lark,Calandrella brachydactyla,Rare/Accidental
"Lark, Horned",Horned Lark,Eremophila alpestris,
"Lark, Wood",Wood Lark,Lullula arborea,
"Linnet, Eurasian",Eurasian Linnet,Linaria cannabina,
"Longspur, Lapland",Lapland Longspur,Calcarius lapponicus,
"Loon, Arctic",Arctic Loon,Gavia arctica,
"Loon, Common",Common Loon,Gavia immer,
"Loon, Pacific",Pacific Loon,Gavia pacifica,Rare/Accidental
"Loon, Red-throated",Red-throated Loon,Gavia stellata,
"Loon, Yellow-billed",Yellow-billed Loon,Gavia adamsii,Rare/Accidental Near-threatened
"Magpie, Eurasian",Eurasian Magpie,Pica pica,
Mallard,Mallard,Anas platyrhynchos,
"Martin, Purple",Purple Martin,Progne subis,Rare/Accidental
"Merganser, Common",Common Merganser,Mergus merganser,
"Merganser, Hooded",Hooded Merganser,Lophodytes cucullatus,Rare/Accidental
"Merganser, Red-breasted",Red-breasted Merganser,Mergus serrator,
Merlin,Merlin,Falco columbarius,
"Mockingbird, Northern",Northern Mockingbird,Mimus polyglottos,Rare/Accidental
"Moorhen, Eurasian",Eurasian Moorhen,Gallinula chloropus,
"Murre, Common",Common Murre,Uria aalge,
"Murre, Thick-billed",Thick-billed Murre,Uria lomvia,Rare/Accidental
"Needletail, White-throated",White-throated Needletail,Hirundapus caudacutus,Rare/Accidental
"Nightingale, Common",Common Nightingale,Luscinia megarhynchos,
"Nightingale, Thrush",Thrush Nightingale,Luscinia luscinia,
"Nightjar, Eurasian",Eurasian Nightjar,Caprimulgus europaeus,
"Nutcracker, Northern",Northern Nutcracker,Nucifraga caryocatactes,Rare/Accidental
"Nuthatch, Eurasian",Eurasian Nuthatch,Sitta europaea,
"Oriole, Baltimore",Baltimore Oriole,Icterus galbula,Rare/Accidental
"Oriole, Eurasian Golden",Eurasian Golden Oriole,Oriolus oriolus,
Osprey,Osprey,Pandion haliaetus,
"Ouzel, Ring",Ring Ouzel,Turdus torquatus,
"Owl, American Barn",American Barn Owl,Tyto furcata,
"Owl, Boreal",Boreal Owl,Aegolius funereus,Rare/Accidental
"Owl, Little",Little Owl,Athene noctua,
"Owl, Long-eared",Long-eared Owl,Asio otus,
"Owl, Northern Hawk",Northern Hawk Owl,Surnia ulula,Rare/Accidental
"Owl, Short-eared",Short-eared Owl,Asio flammeus,
"Owl, Snowy",Snowy Owl,Bubo scandiacus,Rare/Accidental Vulnerable
"Owl, Tawny",Tawny Owl,Strix aluco,
"Owl, Ural",Ural Owl,Strix uralensis,Uncertain origin
"Owl, Western Barn",Western Barn Owl,Tyto alba,
"Oystercatcher, Eurasian",Eurasian Oystercatcher,Haematopus ostralegus,Near-threatened
"Parakeet, Alexandrine",Alexandrine Parakeet,Psittacula eupatria,Introduced species Near-threatened
"Parakeet, Rose-ringed",Rose-ringed Parakeet,Psittacula krameri,Introduced species
"Parrotbill, Vinous-throated",Vinous-throated Parrotbill,Suthora webbiana,Introduced species
"Partridge, Gray",Gray Partridge,Perdix perdix,
"Pelican, Dalmatian",Dalmatian Pelican,Pelecanus crispus,Rare/Accidental Near-threatened
"Pelican, Great White",Great White Pelican,Pelecanus onocrotalus,Rare/Accidental
"Pelican, Pink-backed",Pink-backed Pelican,Pelecanus rufescens,Uncertain origin
"Penduline-Tit, Eurasian",Eurasian Penduline-Tit,Remiz pendulinus,
"Petrel, Fea's",Fea's Petrel,Pterodroma feae,Rare/Accidental
"Phalarope, Red",Red Phalarope,Phalaropus fulicarius,
"Phalarope, Red-necked",Red-necked Phalarope,Phalaropus lobatus,
"Phalarope, Wilson's",Wilson's Phalarope,Phalaropus tricolor,Rare/Accidental
"Pheasant, Ring-necked",Ring-necked Pheasant,Phasianus colchicus,Introduced species
"Pigeon, Rock",Rock Pigeon,Columba livia,Introduced species
"Pintail, Northern",Northern Pintail,Anas acuta,
"Pipit, American",American Pipit,Anthus rubescens,Rare/Accidental
"Pipit, Blyth's",Blyth's Pipit,Anthus godlewskii,Rare/Accidental
"Pipit, Meadow",Meadow Pipit,Anthus pratensis,
"Pipit, Olive-backed",Olive-backed Pipit,Anthus hodgsoni,Rare/Accidental
"Pipit, Pechora",Pechora Pipit,Anthus gustavi,Uncertain origin
"Pipit, Red-throated",Red-throated Pipit,Anthus cervinus,Rare/Accidental
"Pipit, Richard's",Richard's Pipit,Anthus richardi,
"Pipit, Rock",Rock Pipit,Anthus petrosus,
"Pipit, Siberian",Siberian Pipit,Anthus japonicus,Rare/Accidental
"Pipit, Tawny",Tawny Pipit,Anthus campestris,
"Pipit, Tree",Tree Pipit,Anthus trivialis,
"Pipit, Water",Water Pipit,Anthus spinoletta,
"Plover, Black-bellied",Black-bellied Plover,Pluvialis squatarola,Vulnerable
"Plover, Caspian",Caspian Plover,Anarhynchus asiaticus,Rare/Accidental
"Plover, Common Ringed",Common Ringed Plover,Charadrius hiaticula,
"Plover, Kentish",Kentish Plover,Anarhynchus alexandrinus,
"Plover, Kittlitz's",Kittlitz's Plover,Anarhynchus pecuarius,Uncertain origin
"Plover, Little Ringed",Little Ringed Plover,Thinornis dubius,
"Plover, Oriental",Oriental Plover,Anarhynchus veredus,Rare/Accidental
"Plover, Snowy",Snowy Plover,Anarhynchus nivosus,Near-threatened
"Pochard, Common",Common Pochard,Aythya ferina,Vulnerable
"Pochard, Red-crested",Red-crested Pochard,Netta rufina,
"Pratincole, Black-winged",Black-winged Pratincole,Glareola nordmanni,Rare/Accidental Near-threatened
"Pratincole, Collared",Collared Pratincole,Glareola pratincola,Rare/Accidental
"Pratincole, Oriental",Oriental Pratincole,Glareola maldivarum,Rare/Accidental
"Puffin, Atlantic",Atlantic Puffin,Fratercula arctica,Vulnerable
"Pygmy-Owl, Eurasian",Eurasian Pygmy-Owl,Glaucidium passerinum,Rare/Accidental
"Quail, Common",Common Quail,Coturnix coturnix,
"Rail, Water",Water Rail,Rallus aquaticus,
"Raven, Common",Common Raven,Corvus corax,
Razorbill,Razorbill,Alca torda,
Redhead,Redhead,Aythya americana,Rare/Accidental
Redpoll,Redpoll,Acanthis flammea,
"Redshank, Common",Common Redshank,Tringa totanus,
"Redshank, Spotted",Spotted Redshank,Tringa erythropus,
"Redstart, Black",Black Redstart,Phoenicurus ochruros,
"Redstart, Common",Common Redstart,Phoenicurus phoenicurus,
Redwing,Redwing,Turdus iliacus,Near-threatened
"Reedling, Bearded",Bearded Reedling,Panurus biarmicus,
"Robin, American",American Robin,Turdus migratorius,Rare/Accidental
"Robin, European",European Robin,Erithacus rubecula,
"Robin, White-throated",White-throated Robin,Irania gutturalis,Rare/Accidental
"Rock-Thrush, Blue",Blue Rock-Thrush,Monticola solitarius,Rare/Accidental
"Rock-Thrush, Rufous-tailed",Rufous-tailed Rock-Thrush,Monticola saxatilis,Rare/Accidental
"Roller, European",European Roller,Coracias garrulus,Rare/Accidental
Rook,Rook,Corvus frugilegus,
"Rosefinch, Common",Common Rosefinch,Carpodacus erythrinus,
"Rubythroat, Siberian",Siberian Rubythroat,Calliope calliope,Rare/Accidental
Ruff,Ruff,Calidris pugnax,
"Sand-Plover, Greater",Greater Sand-Plover,Anarhynchus leschenaultii,Rare/Accidental
Sanderling,Sanderling,Calidris alba,
"Sandgrouse, Pallas's",Pallas's Sandgrouse,Syrrhaptes paradoxus,Rare/Accidental
"Sandpiper, Baird's",Baird's Sandpiper,Calidris bairdii,Rare/Accidental
"Sandpiper, Broad-billed",Broad-billed Sandpiper,Calidris falcinellus,Rare/Accidental Vulnerable
"Sandpiper, Buff-breasted",Buff-breasted Sandpiper,Calidris subruficollis,Rare/Accidental Vulnerable
"Sandpiper, Common",Common Sandpiper,Actitis hypoleucos,
"Sandpiper, Curlew",Curlew Sandpiper,Calidris ferruginea,Vulnerable
"Sandpiper, Green",Green Sandpiper,Tringa ochropus,
"Sandpiper, Least",Least Sandpiper,Calidris minutilla,Rare/Accidental Near-threatened
"Sandpiper, Marsh",Marsh Sandpiper,Tringa stagnatilis,Rare/Accidental
"Sandpiper, Pectoral",Pectoral Sandpiper,Calidris melanotos,Rare/Accidental
"Sandpiper, Purple",Purple Sandpiper,Calidris maritima,
"Sandpiper, Semipalmated",Semipalmated Sandpiper,Calidris pusilla,Rare/Accidental Near-threatened
"Sandpiper, Sharp-tailed",Sharp-tailed Sandpiper,Calidris acuminata,Rare/Accidental Vulnerable
"Sandpiper, Solitary",Solitary Sandpiper,Tringa solitaria,Rare/Accidental
"Sandpiper, Spotted",Spotted Sandpiper,Actitis macularius,Rare/Accidental
"Sandpiper, Stilt",Stilt Sandpiper,Calidris himantopus,Rare/Accidental Near-threatened
"Sandpiper, Terek",Terek Sandpiper,Xenus cinereus,Rare/Accidental
"Sandpiper, Upland",Upland Sandpiper,Bartramia longicauda,Rare/Accidental
"Sandpiper, Western",Western Sandpiper,Calidris mauri,Rare/Accidental
"Sandpiper, White-rumped",White-rumped Sandpiper,Calidris fuscicollis,Rare/Accidental Vulnerable
"Sandpiper, Wood",Wood Sandpiper,Tringa glareola,
"Scaup, Greater",Greater Scaup,Aythya marila,
"Scaup, Lesser",Lesser Scaup,Aythya affinis,Rare/Accidental
"Scops-Owl, Eurasian",Eurasian Scops-Owl,Otus scops,
"Scoter, Black",Black Scoter,Melanitta americana,Rare/Accidental Near-threatened
"Scoter, Common",Common Scoter,Melanitta nigra,
"Scoter, Stejneger's",Stejneger's Scoter,Melanitta stejnegeri,Rare/Accidental
"Scoter, Surf",Surf Scoter,Melanitta perspicillata,Rare/Accidental
"Scoter, Velvet",Velvet Scoter,Melanitta fusca,Vulnerable
"Scoter, White-winged",White-winged Scoter,Melanitta deglandi,Rare/Accidental
"Scrub-Robin, Rufous-tailed",Rufous-tailed Scrub-Robin,Cercotrichas galactotes,Rare/Accidental
"Sea-Eagle, Steller's",Steller's Sea-Eagle,Haliaeetus pelagicus,Uncertain origin Vulnerable
"Serin, European",European Serin,Serinus serinus,
"Shag, European",European Shag,Gulosus aristotelis,
"Shearwater, Balearic",Balearic Shearwater,Puffinus mauretanicus,Rare/Accidental Critically endangered
"Shearwater, Cory's",Cory's Shearwater,Calonectris borealis,Rare/Accidental
"Shearwater, Great",Great Shearwater,Ardenna gravis,Rare/Accidental
"Shearwater, Manx",Manx Shearwater,Puffinus puffinus,
"Shearwater, Sooty",Sooty Shearwater,Ardenna grisea,Near-threatened
"Shelduck, Common",Common Shelduck,Tadorna tadorna,
"Shelduck, Ruddy",Ruddy Shelduck,Tadorna ferruginea,
"Shoveler, Northern",Northern Shoveler,Spatula clypeata,
"Shrike, Brown",Brown Shrike,Lanius cristatus,Rare/Accidental
"Shrike, Great Gray",Great Gray Shrike,Lanius excubitor,Rare/Accidental
"Shrike, Isabelline",Isabelline Shrike,Lanius isabellinus,Rare/Accidental
"Shrike, Lesser Gray",Lesser Gray Shrike,Lanius minor,Rare/Accidental
"Shrike, Long-tailed",Long-tailed Shrike,Lanius schach,Rare/Accidental
"Shrike, Masked",Masked Shrike,Lanius nubicus,Rare/Accidental
"Shrike, Northern",Northern Shrike,Lanius borealis,Rare/Accidental
"Shrike, Red-backed",Red-backed Shrike,Lanius collurio,
"Shrike, Red-tailed",Red-tailed Shrike,Lanius phoenicuroides,Rare/Accidental
"Shrike, Woodchat",Woodchat Shrike,Lanius senator,Near-threatened
"Siskin, Eurasian",Eurasian Siskin,Spinus spinus,
"Skua, Great",Great Skua,Stercorarius skua,
"Skylark, Eurasian",Eurasian Skylark,Alauda arvensis,
Smew,Smew,Mergellus albellus,
"Snake-Eagle, Short-toed",Short-toed Snake-Eagle,Circaetus gallicus,Rare/Accidental
"Snipe, Common",Common Snipe,Gallinago gallinago,
"Snipe, Great",Great Snipe,Gallinago media,Rare/Accidental Near-threatened
"Snipe, Jack",Jack Snipe,Lymnocryptes minimus,
"Snipe, Wilson's",Wilson's Snipe,Gallinago delicata,Rare/Accidental
"Sparrow, Eurasian Tree",Eurasian Tree Sparrow,Passer montanus,
"Sparrow, House",House Sparrow,Passer domesticus,
"Sparrow, Italian",Italian Sparrow,Passer italiae,Rare/Accidental Vulnerable
"Sparrow, Rock",Rock Sparrow,Petronia petronia,Rare/Accidental
"Sparrow, Song",Song Sparrow,Melospiza melodia,Rare/Accidental
"Sparrow, Spanish",Spanish Sparrow,Passer hispaniolensis,Rare/Accidental
"Sparrow, White-crowned",White-crowned Sparrow,Zonotrichia leucophrys,Rare/Accidental
"Sparrow, White-throated",White-throated Sparrow,Zonotrichia albicollis,Rare/Accidental
"Sparrowhawk, Eurasian",Eurasian Sparrowhawk,Accipiter nisus,
"Spoonbill, Eurasian",Eurasian Spoonbill,Platalea leucorodia,
"Starling, Daurian",Daurian Starling,Agropsar sturninus,Rare/Accidental
"Starling, European",European Starling,Sturnus vulgaris,
"Starling, Rosy",Rosy Starling,Pastor roseus,Rare/Accidental
"Stilt, Black-winged",Black-winged Stilt,Himantopus himantopus,
"Stint, Little",Little Stint,Calidris minuta,
"Stint, Long-toed",Long-toed Stint,Calidris subminuta,Rare/Accidental
"Stint, Red-necked",Red-necked Stint,Calidris ruficollis,Rare/Accidental Near-threatened
"Stint, Temminck's",Temminck's Stint,Calidris temminckii,
"Stonechat, Amur",Amur Stonechat,Saxicola stejnegeri,Rare/Accidental
"Stonechat, European",European Stonechat,Saxicola rubicola,
"Stonechat, Siberian",Siberian Stonechat,Saxicola maurus,Rare/Accidental
"Stork, Black",Black Stork,Ciconia nigra,
"Stork, White",White Stork,Ciconia ciconia,
"Storm-Petrel, European",European Storm-Petrel,Hydrobates pelagicus,Rare/Accidental
"Storm-Petrel, Leach's",Leach's Storm-Petrel,Hydrobates leucorhous,Vulnerable
"Storm-Petrel, White-faced",White-faced Storm-Petrel,Pelagodroma marina,Rare/Accidental
"Storm-Petrel, Wilson's",Wilson's Storm-Petrel,Oceanites oceanicus,Rare/Accidental
"Swallow, Bank",Bank Swallow,Riparia riparia,
"Swallow, Barn",Barn Swallow,Hirundo rustica,
"Swallow, European Red-rumped",European Red-rumped Swallow,Cecropis rufula,Rare/Accidental
"Swamphen, Western",Western Swamphen,Porphyrio porphyrio,Rare/Accidental
"Swan, Mute",Mute Swan,Cygnus olor,
"Swan, Tundra",Tundra Swan,Cygnus columbianus,Rare/Accidental
"Swan, Whooper",Whooper Swan,Cygnus cygnus,
"Swift, Alpine",Alpine Swift,Tachymarptis melba,Rare/Accidental
"Swift, Chimney",Chimney Swift,Chaetura pelagica,Rare/Accidental Vulnerable
"Swift, Common",Common Swift,Apus apus,
"Swift, Horus",Horus Swift,Apus horus,Rare/Accidental
"Swift, Little",Little Swift,Apus affinis,Rare/Accidental
"Swift, Pacific",Pacific Swift,Apus pacificus,Rare/Accidental
"Swift, Pallid",Pallid Swift,Apus pallidus,Rare/Accidental
"Swift, White-rumped",White-rumped Swift,Apus caffer,Rare/Accidental
"Tattler, Gray-tailed",Gray-tailed Tattler,Tringa brevipes,Rare/Accidental
"Teal, Baikal",Baikal Teal,Sibirionetta formosa,Rare/Accidental
"Teal, Blue-winged",Blue-winged Teal,Spatula discors,Rare/Accidental
"Teal, Green-winged",Green-winged Teal,Anas crecca,
"Tern, Arctic",Arctic Tern,Sterna paradisaea,
"Tern, Black",Black Tern,Chlidonias niger,
"Tern, Bridled",Bridled Tern,Onychoprion anaethetus,Rare/Accidental
"Tern, Caspian",Caspian Tern,Hydroprogne caspia,
"Tern, Common",Common Tern,Sterna hirundo,
"Tern, Elegant",Elegant Tern,Thalasseus elegans,Rare/Accidental Near-threatened
"Tern, Forster's",Forster's Tern,Sterna forsteri,Rare/Accidental
"Tern, Gull-billed",Gull-billed Tern,Gelochelidon nilotica,
"Tern, Little",Little Tern,Sternula albifrons,
"Tern, Roseate",Roseate Tern,Sterna dougallii,Rare/Accidental
"Tern, Sandwich",Sandwich Tern,Thalasseus sandvicensis,
"Tern, Sooty",Sooty Tern,Onychoprion fuscatus,Rare/Accidental
"Tern, Whiskered",Whiskered Tern,Chlidonias hybrida,
"Tern, White-winged",White-winged Tern,Chlidonias leucopterus,
"Thick-knee, Eurasian",Eurasian Thick-knee,Burhinus oedicnemus,
"Thrush, Black-throated",Black-throated Thrush,Turdus atrogularis,Rare/Accidental
"Thrush, Dusky",Dusky Thrush,Turdus eunomus,Rare/Accidental
"Thrush, Eyebrowed",Eyebrowed Thrush,Turdus obscurus,Rare/Accidental
"Thrush, Gray-cheeked",Gray-cheeked Thrush,Catharus minimus,Rare/Accidental
"Thrush, Hermit",Hermit Thrush,Catharus guttatus,Rare/Accidental
"Thrush, Mistle",Mistle Thrush,Turdus viscivorus,
"Thrush, Siberian",Siberian Thrush,Geokichla sibirica,Rare/Accidental
"Thrush, Song",Song Thrush,Turdus philomelos,
"Thrush, White's",White's Thrush,Zoothera aurea,Rare/Accidental
"Tit, Azure",Azure Tit,Cyanistes cyanus,Uncertain origin
"Tit, Coal",Coal Tit,Periparus ater,
"Tit, Crested",Crested Tit,Lophophanes cristatus,
"Tit, Eurasian Blue",Eurasian Blue Tit,Cyanistes caeruleus,
"Tit, Great",Great Tit,Parus major,
"Tit, Long-tailed",Long-tailed Tit,Aegithalos caudatus,
"Tit, Marsh",Marsh Tit,Poecile palustris,
"Tit, Willow",Willow Tit,Poecile montanus,
"Treecreeper, Eurasian",Eurasian Treecreeper,Certhia familiaris,
"Treecreeper, Short-toed",Short-toed Treecreeper,Certhia brachydactyla,
"Tropicbird, Red-billed",Red-billed Tropicbird,Phaethon aethereus,Rare/Accidental
"Turnstone, Ruddy",Ruddy Turnstone,Arenaria interpres,Near-threatened
"Turtle-Dove, European",European Turtle-Dove,Streptopelia turtur,Vulnerable
"Turtle-Dove, Oriental",Oriental Turtle-Dove,Streptopelia orientalis,Rare/Accidental
Twite,Twite,Linaria flavirostris,
"Vireo, Red-eyed",Red-eyed Vireo,Vireo olivaceus,Rare/Accidental
"Vulture, Bearded",Bearded Vulture,Gypaetus barbatus,Rare/Accidental Near-threatened
"Vulture, Cinereous",Cinereous Vulture,Aegypius monachus,Rare/Accidental Near-threatened
"Vulture, Egyptian",Egyptian Vulture,Neophron percnopterus,Rare/Accidental Endangered
"Vulture, Hooded",Hooded Vulture,Necrosyrtes monachus,Uncertain origin Critically endangered
"Wagtail, Citrine",Citrine Wagtail,Motacilla citreola,Rare/Accidental
"Wagtail, Eastern Yellow",Eastern Yellow Wagtail,Motacilla tschutschensis,Rare/Accidental
"Wagtail, Gray",Gray Wagtail,Motacilla cinerea,
"Wagtail, Western Yellow",Western Yellow Wagtail,Motacilla flava,
"Wagtail, White",White Wagtail,Motacilla alba,
Wallcreeper,Wallcreeper,Tichodroma muraria,Rare/Accidental
"Warbler, African Desert",African Desert Warbler,Curruca deserti,Rare/Accidental
"Warbler, Aquatic",Aquatic Warbler,Acrocephalus paludicola,Vulnerable
"Warbler, Arctic",Arctic Warbler,Phylloscopus borealis,Rare/Accidental
"Warbler, Asian Desert",Asian Desert Warbler,Curruca nana,Rare/Accidental
"Warbler, Barred",Barred Warbler,Curruca nisoria,Rare/Accidental
"Warbler, Blackpoll",Blackpoll Warbler,Setophaga striata,Rare/Accidental Near-threatened
"Warbler, Blyth's Reed",Blyth's Reed Warbler,Acrocephalus dumetorum,Rare/Accidental
"Warbler, Booted",Booted Warbler,Iduna caligata,Rare/Accidental
"Warbler, Cetti's",Cetti's Warbler,Cettia cetti,
"Warbler, Common Grasshopper",Common Grasshopper Warbler,Locustella naevia,
"Warbler, Common Reed",Common Reed Warbler,Acrocephalus scirpaceus,
"Warbler, Dartford",Dartford Warbler,Curruca undata,Rare/Accidental Near-threatened
"Warbler, Dusky",Dusky Warbler,Phylloscopus fuscatus,Rare/Accidental
"Warbler, Eastern Bonelli's",Eastern Bonelli's Warbler,Phylloscopus orientalis,Rare/Accidental
"Warbler, Eastern Crowned",Eastern Crowned Warbler,Phylloscopus coronatus,Rare/Accidental
"Warbler, Eastern Olivaceous",Eastern Olivaceous Warbler,Iduna pallida,Rare/Accidental
"Warbler, Eastern Orphean",Eastern Orphean Warbler,Curruca crassirostris,Rare/Accidental
"Warbler, Eastern Subalpine",Eastern Subalpine Warbler,Curruca cantillans,Rare/Accidental
"Warbler, Garden",Garden Warbler,Sylvia borin,
"Warbler, Great Reed",Great Reed Warbler,Acrocephalus arundinaceus,
"Warbler, Green",Green Warbler,Phylloscopus nitidus,Rare/Accidental
"Warbler, Greenish",Greenish Warbler,Phylloscopus trochiloides,Rare/Accidental
"Warbler, Hume's",Hume's Warbler,Phylloscopus humei,Rare/Accidental
"Warbler, Icterine",Icterine Warbler,Hippolais icterina,
"Warbler, Lanceolated",Lanceolated Warbler,Locustella lanceolata,Rare/Accidental
"Warbler, Marmora's",Marmora's Warbler,Curruca sarda,Rare/Accidental
"Warbler, Marsh",Marsh Warbler,Acrocephalus palustris,
"Warbler, Melodious",Melodious Warbler,Hippolais polyglotta,
"Warbler, Moltoni's",Moltoni's Warbler,Curruca subalpina,Rare/Accidental
"Warbler, Moustached",Moustached Warbler,Acrocephalus melanopogon,Rare/Accidental
"Warbler, Paddyfield",Paddyfield Warbler,Acrocephalus agricola,Rare/Accidental
"Warbler, Pallas's Grasshopper",Pallas's Grasshopper Warbler,Helopsaltes certhiola,Rare/Accidental
"Warbler, Pallas's Leaf",Pallas's Leaf Warbler,Phylloscopus proregulus,Rare/Accidental
"Warbler, Radde's",Radde's Warbler,Phylloscopus schwarzi,Rare/Accidental
"Warbler, River",River Warbler,Locustella fluviatilis,Rare/Accidental
"Warbler, Sardinian",Sardinian Warbler,Curruca melanocephala,Rare/Accidental
"Warbler, Savi's",Savi's Warbler,Locustella luscinioides,
"Warbler, Sedge",Sedge Warbler,Acrocephalus schoenobaenus,
"Warbler, Spectacled",Spectacled Warbler,Curruca conspicillata,Rare/Accidental
"Warbler, Sykes's",Sykes's Warbler,Iduna rama,Rare/Accidental
"Warbler, Two-barred",Two-barred Warbler,Phylloscopus plumbeitarsus,Rare/Accidental
"Warbler, Upcher's",Upcher's Warbler,Hippolais languida,Rare/Accidental
"Warbler, Western Bonelli's",Western Bonelli's Warbler,Phylloscopus bonelli,Rare/Accidental
"Warbler, Western Orphean",Western Orphean Warbler,Curruca hortensis,Rare/Accidental
"Warbler, Western Subalpine",Western Subalpine Warbler,Curruca iberiae,Rare/Accidental
"Warbler, Willow",Willow Warbler,Phylloscopus trochilus,
"Warbler, Wood",Wood Warbler,Phylloscopus sibilatrix,
"Warbler, Yellow-browed",Yellow-browed Warbler,Phylloscopus inornatus,
"Warbler, Yellow-rumped",Yellow-rumped Warbler,Setophaga coronata,Rare/Accidental
"Waterthrush, Northern",Northern Waterthrush,Parkesia noveboracensis,Rare/Accidental
"Waxwing, Bohemian",Bohemian Waxwing,Bombycilla garrulus,
"Wheatear, Atlas",Atlas Wheatear,Oenanthe seebohmi,Rare/Accidental
"Wheatear, Desert",Desert Wheatear,Oenanthe deserti,Rare/Accidental
"Wheatear, Eastern Black-eared",Eastern Black-eared Wheatear,Oenanthe melanoleuca,Rare/Accidental
"Wheatear, Isabelline",Isabelline Wheatear,Oenanthe isabellina,Rare/Accidental
"Wheatear, Northern",Northern Wheatear,Oenanthe oenanthe,
"Wheatear, Pied",Pied Wheatear,Oenanthe pleschanka,Rare/Accidental
"Wheatear, Western Black-eared",Western Black-eared Wheatear,Oenanthe hispanica,Rare/Accidental
"Wheatear, White-crowned",White-crowned Wheatear,Oenanthe leucopyga,Rare/Accidental
Whimbrel,Whimbrel,Numenius phaeopus,
Whinchat,Whinchat,Saxicola rubetra,
"Whitethroat, Greater",Greater Whitethroat,Curruca communis,
"Whitethroat, Lesser",Lesser Whitethroat,Curruca curruca,
"Wigeon, American",American Wigeon,Mareca americana,Rare/Accidental
"Wigeon, Eurasian",Eurasian Wigeon,Mareca penelope,
"Wood-Pigeon, Common",Common Wood-Pigeon,Columba palumbus,
"Woodcock, Eurasian",Eurasian Woodcock,Scolopax rusticola,
"Woodpecker, Black",Black Woodpecker,Dryocopus martius,
"Woodpecker, Eurasian Green",Eurasian Green Woodpecker,Picus viridis,
"Woodpecker, Gray-headed",Gray-headed Woodpecker,Picus canus,Rare/Accidental
"Woodpecker, Great Spotted",Great Spotted Woodpecker,Dendrocopos major,
"Woodpecker, Lesser Spotted",Lesser Spotted Woodpecker,Dryobates minor,
"Woodpecker, Middle Spotted",Middle Spotted Woodpecker,Dendrocoptes medius,
"Woodpecker, Syrian",Syrian Woodpecker,Dendrocopos syriacus,Uncertain origin
"Wren, Eurasian",Eurasian Wren,Troglodytes troglodytes,
"Wryneck, Eurasian",Eurasian Wryneck,Jynx torquilla,
Yellowhammer,Yellowhammer,Emberiza citrinella,
"Yellowlegs, Greater",Greater Yellowlegs,Tringa melanoleuca,Rare/Accidental Near-threatened
"Yellowlegs, Lesser",Lesser Yellowlegs,Tringa flavipes,Rare/Accidental Vulnerable
